Date,Open,High,Low,Close,Adj Close,Volume
2022-01-03,7.760000228881836,8.039999961853027,7.639999866485596,7.71999979019165,7.110658168792725,1127500
2022-01-04,7.789999961853027,7.989999771118164,7.659999847412109,7.690000057220459,7.0830254554748535,636500
2022-01-05,7.739999771118164,7.809999942779541,7.449999809265137,7.449999809265137,6.861969470977783,690000
2022-01-06,7.420000076293945,7.539999961853027,7.369999885559082,7.460000038146973,6.871179580688477,765900
2022-01-07,7.480000019073486,7.599999904632568,7.449999809265137,7.5,6.908022880554199,1741600
2022-01-10,7.5,7.610000133514404,7.309999942779541,7.489999771118164,6.898811340332031,955000
2022-01-11,7.519999980926514,7.679999828338623,7.510000228881836,7.670000076293945,7.064604759216309,1032900
2022-01-12,7.75,7.829999923706055,7.539999961853027,7.679999828338623,7.073814868927002,1540600
2022-01-13,7.739999771118164,7.820000171661377,7.539999961853027,7.539999961853027,6.9448652267456055,716200
2022-01-14,7.5,7.650000095367432,7.349999904632568,7.53000020980835,6.935654640197754,520800
2022-01-18,7.449999809265137,7.480000019073486,7.28000020980835,7.289999961853027,6.714598655700684,490100
2022-01-19,7.300000190734863,7.449999809265137,7.25,7.269999980926514,6.696177005767822,595100
2022-01-20,7.329999923706055,7.630000114440918,7.300000190734863,7.440000057220459,6.852758407592773,2097300
2022-01-21,7.320000171661377,7.46999979019165,7.150000095367432,7.28000020980835,6.705387115478516,1490800
2022-01-24,7.150000095367432,7.489999771118164,7.039999961853027,7.46999979019165,6.880390167236328,924200
2022-01-25,7.28000020980835,7.570000171661377,7.199999809265137,7.550000190734863,6.954075813293457,725400
2022-01-26,7.650000095367432,7.739999771118164,7.480000019073486,7.599999904632568,7.000129222869873,720500
2022-01-27,7.679999828338623,7.860000133514404,7.539999961853027,7.71999979019165,7.110658168792725,1009100
2022-01-28,7.710000038146973,7.989999771118164,7.639999866485596,7.889999866485596,7.267240047454834,1250900
2022-01-31,7.869999885559082,8.109999656677246,7.809999942779541,8.100000381469727,7.460664749145508,508500
2022-02-01,8.100000381469727,8.34000015258789,8.069999694824219,8.220000267028809,7.571192741394043,519200
2022-02-02,8.199999809265137,8.319999694824219,7.96999979019165,8.069999694824219,7.433032035827637,421500
2022-02-03,7.900000095367432,8.0,7.820000171661377,7.840000152587891,7.221186637878418,792700
2022-02-04,7.860000133514404,7.929999828338623,7.71999979019165,7.909999847412109,7.285661220550537,452800
2022-02-07,7.940000057220459,8.100000381469727,7.860000133514404,8.069999694824219,7.433032035827637,1242100
2022-02-08,8.050000190734863,8.119999885559082,7.880000114440918,8.039999961853027,7.40540075302124,982900
2022-02-09,8.1899995803833,8.289999961853027,8.109999656677246,8.210000038146973,7.56198263168335,630000
2022-02-10,8.039999961853027,8.300000190734863,8.0,8.15999984741211,7.515928745269775,1254700
2022-02-11,8.1899995803833,8.319999694824219,8.079999923706055,8.119999885559082,7.479085922241211,328000
2022-02-14,8.149999618530273,8.210000038146973,8.0,8.100000381469727,7.460664749145508,505900
2022-02-15,8.149999618530273,8.350000381469727,8.149999618530273,8.3100004196167,7.654088973999023,274700
2022-02-16,8.260000228881836,8.579999923706055,8.25,8.5600004196167,7.8843560218811035,439500
2022-02-17,8.510000228881836,8.529999732971191,8.25,8.279999732971191,7.626457214355469,444500
2022-02-18,8.300000190734863,8.710000038146973,8.289999961853027,8.359999656677246,7.700141906738281,771400
2022-02-22,8.319999694824219,8.4399995803833,8.09000015258789,8.369999885559082,7.709353923797607,662900
2022-02-23,8.470000267028809,8.539999961853027,8.25,8.329999923706055,7.672509670257568,851500
2022-02-24,8.199999809265137,9.140000343322754,8.180000305175781,9.140000343322754,8.418577194213867,1922800
2022-02-25,9.140000343322754,9.399999618530273,9.0600004196167,9.279999732971191,8.547525405883789,1832800
2022-02-28,9.300000190734863,9.5600004196167,9.170000076293945,9.5600004196167,8.805426597595215,1202600
2022-03-01,9.569999694824219,10.199999809265137,9.5,10.1899995803833,9.385700225830078,1717000
2022-03-02,10.1899995803833,10.550000190734863,9.949999809265137,10.010000228881836,9.219908714294434,1371300
2022-03-03,10.0,10.729999542236328,9.960000038146973,10.720000267028809,9.87386703491211,1582500
2022-03-04,10.880000114440918,10.880000114440918,10.369999885559082,10.5,9.671232223510742,1711200
2022-03-07,10.800000190734863,11.430000305175781,10.510000228881836,10.59000015258789,9.754128456115723,2495800
2022-03-08,10.5,10.65999984741211,10.210000038146973,10.460000038146973,9.634389877319336,2018200
2022-03-09,10.510000228881836,10.789999961853027,10.390000343322754,10.75,9.901498794555664,1035700
2022-03-10,10.6899995803833,11.739999771118164,10.6899995803833,11.579999923706055,10.665987014770508,4395300
2022-03-11,11.789999961853027,12.390000343322754,11.449999809265137,12.180000305175781,11.218629837036133,3858500
2022-03-14,12.25,12.369999885559082,10.829999923706055,10.920000076293945,10.05808162689209,3198500
2022-03-15,10.970000267028809,11.420000076293945,10.3100004196167,11.050000190734863,10.177821159362793,1371300
2022-03-16,11.09000015258789,11.300000190734863,10.670000076293945,11.170000076293945,10.288348197937012,2548100
2022-03-17,11.149999618530273,11.489999771118164,11.109999656677246,11.460000038146973,10.555458068847656,1343400
2022-03-18,11.369999885559082,11.539999961853027,11.25,11.420000076293945,10.51861572265625,1311500
2022-03-21,11.479999542236328,11.979999542236328,11.420000076293945,11.9399995803833,10.997570991516113,1475700
2022-03-22,11.979999542236328,12.1899995803833,11.729999542236328,11.75,10.822569847106934,1879300
2022-03-23,11.779999732971191,11.989999771118164,11.649999618530273,11.979999542236328,11.034415245056152,1721800
2022-03-24,12.0,12.670000076293945,11.949999809265137,12.470000267028809,11.485738754272461,2741600
2022-03-25,12.600000381469727,12.670000076293945,12.010000228881836,12.279999732971191,11.310735702514648,2369100
2022-03-28,12.350000381469727,12.399999618530273,11.569999694824219,11.960000038146973,11.01599407196045,2297400
2022-03-29,11.569999694824219,11.720000267028809,11.140000343322754,11.600000381469727,10.684408187866211,2640500
2022-03-30,11.699999809265137,12.119999885559082,11.670000076293945,11.899999618530273,10.96072769165039,1153900
2022-03-31,11.899999618530273,12.229999542236328,11.899999618530273,12.079999923706055,11.126522064208984,2091600
2022-04-01,12.270000457763672,12.619999885559082,11.989999771118164,12.34000015258789,11.366000175476074,2405800
2022-04-04,12.380000114440918,12.4399995803833,11.630000114440918,11.770000457763672,10.84099006652832,2330600
2022-04-05,11.8100004196167,11.84000015258789,11.449999809265137,11.470000267028809,10.564669609069824,1976200
2022-04-06,11.270000457763672,11.649999618530273,11.050000190734863,11.369999885559082,10.472561836242676,1954600
2022-04-07,11.34000015258789,11.890000343322754,11.289999961853027,11.8100004196167,10.877833366394043,1865300
2022-04-08,11.859999656677246,12.5,11.859999656677246,12.380000114440918,11.402843475341797,2117300
2022-04-11,12.260000228881836,12.430000305175781,12.050000190734863,12.119999885559082,11.163363456726074,1802600
2022-04-12,12.270000457763672,12.630000114440918,12.199999809265137,12.369999885559082,11.393632888793945,2076000
2022-04-13,12.430000305175781,12.979999542236328,12.430000305175781,12.949999809265137,11.927851676940918,2257300
2022-04-14,13.0,13.1899995803833,12.890000343322754,13.050000190734863,12.019959449768066,2197800
2022-04-18,13.100000381469727,13.550000190734863,13.100000381469727,13.149999618530273,12.112066268920898,2615900
2022-04-19,13.020000457763672,13.130000114440918,12.319999694824219,12.430000305175781,11.448896408081055,2384900
2022-04-20,12.470000267028809,12.970000267028809,12.229999542236328,12.859999656677246,11.844955444335938,2133200
2022-04-21,12.9399995803833,13.039999961853027,12.109999656677246,12.239999771118164,11.273892402648926,2279900
2022-04-22,12.229999542236328,12.460000038146973,11.710000038146973,11.800000190734863,10.868621826171875,2076700
2022-04-25,11.539999961853027,11.710000038146973,11.210000038146973,11.630000114440918,10.712039947509766,1924400
2022-04-26,11.75,11.829999923706055,11.369999885559082,11.449999809265137,10.546247482299805,1490600
2022-04-27,11.600000381469727,12.180000305175781,11.489999771118164,11.989999771118164,11.043624877929688,2920400
2022-04-28,12.149999618530273,12.239999771118164,11.460000038146973,11.520000457763672,10.610723495483398,1173600
2022-04-29,11.369999885559082,11.65999984741211,11.229999542236328,11.25,10.505204200744629,786000
2022-05-02,11.199999809265137,11.399999618530273,11.119999885559082,11.399999618530273,10.645273208618164,841800
2022-05-03,11.5,11.6899995803833,11.380000114440918,11.680000305175781,10.906736373901367,919500
2022-05-04,11.699999809265137,11.899999618530273,11.170000076293945,11.479999542236328,10.719976425170898,920000
2022-05-05,11.510000228881836,11.680000305175781,11.130000114440918,11.229999542236328,10.486527442932129,769500
2022-05-06,11.180000305175781,11.199999809265137,10.880000114440918,10.930000305175781,10.206388473510742,1960100
2022-05-09,10.8100004196167,10.850000381469727,9.890000343322754,9.890000343322754,9.235241889953613,1867900
2022-05-10,9.970000267028809,10.220000267028809,9.829999923706055,9.960000038146973,9.300606727600098,929900
2022-05-11,9.949999809265137,10.34000015258789,9.800000190734863,9.899999618530273,9.244579315185547,939900
2022-05-12,9.8100004196167,10.220000267028809,9.59000015258789,10.119999885559082,9.450014114379883,1145100
2022-05-13,10.34000015258789,10.539999961853027,10.0600004196167,10.25,9.571407318115234,1225200
2022-05-16,10.239999771118164,10.609999656677246,10.15999984741211,10.270000457763672,9.59008502960205,1224000
2022-05-17,10.449999809265137,10.960000038146973,10.380000114440918,10.949999809265137,10.225065231323242,893600
2022-05-18,10.930000305175781,10.9399995803833,10.229999542236328,10.319999694824219,9.636773109436035,548300
2022-05-19,10.270000457763672,10.380000114440918,10.0600004196167,10.229999542236328,9.552732467651367,558600
2022-05-20,10.350000381469727,10.399999618530273,9.970000267028809,10.130000114440918,9.459352493286133,757300
2022-05-23,10.300000190734863,10.770000457763672,10.180000305175781,10.65999984741211,9.954264640808105,587200
2022-05-24,10.550000190734863,10.75,10.479999542236328,10.720000267028809,10.010292053222656,975700
2022-05-25,10.75,10.84000015258789,10.609999656677246,10.779999732971191,10.066319465637207,581700
2022-05-26,10.989999771118164,11.319999694824219,10.800000190734863,11.25,10.505204200744629,978000
2022-05-27,11.270000457763672,11.489999771118164,11.199999809265137,11.25,10.505204200744629,946500
2022-05-31,11.390000343322754,11.5,11.039999961853027,11.109999656677246,10.374471664428711,1296700
2022-06-01,11.199999809265137,11.3100004196167,10.40999984741211,10.65999984741211,9.954264640808105,2477500
2022-06-02,10.729999542236328,11.260000228881836,10.569999694824219,11.039999961853027,10.30910587310791,1086200
2022-06-03,11.279999732971191,11.460000038146973,10.850000381469727,10.90999984741211,10.187713623046875,897200
2022-06-06,10.930000305175781,10.979999542236328,10.539999961853027,10.6899995803833,9.982277870178223,679600
2022-06-07,10.5600004196167,10.850000381469727,10.5,10.8100004196167,10.09433364868164,819600
2022-06-08,10.680000305175781,10.789999961853027,10.420000076293945,10.609999656677246,9.907573699951172,832200
2022-06-09,10.569999694824219,10.640000343322754,10.380000114440918,10.460000038146973,9.767505645751953,881100
2022-06-10,10.210000038146973,10.399999618530273,10.130000114440918,10.210000038146973,9.534055709838867,1099800
2022-06-13,9.9399995803833,10.010000228881836,9.4399995803833,9.529999732971191,8.89907455444336,1683700
2022-06-14,9.670000076293945,9.720000267028809,9.390000343322754,9.5,8.871061325073242,655100
2022-06-15,9.600000381469727,9.75,9.479999542236328,9.640000343322754,9.001792907714844,526000
2022-06-16,9.40999984741211,9.470000267028809,9.09000015258789,9.109999656677246,8.506881713867188,945000
2022-06-17,9.109999656677246,9.289999961853027,8.84000015258789,9.029999732971191,8.432177543640137,1215300
2022-06-21,9.109999656677246,9.270000457763672,9.010000228881836,9.010000228881836,8.413501739501953,594300
2022-06-22,8.789999961853027,8.859999656677246,8.619999885559082,8.75,8.170714378356934,820800
2022-06-23,8.789999961853027,8.789999961853027,8.220000267028809,8.319999694824219,7.769182205200195,1159700
2022-06-24,8.430000305175781,8.710000038146973,8.270000457763672,8.649999618530273,8.077333450317383,1207800
2022-06-27,8.710000038146973,8.880000114440918,8.630000114440918,8.729999542236328,8.15203857421875,1414000
2022-06-28,8.720000267028809,9.0,8.630000114440918,8.680000305175781,8.105348587036133,901700
2022-06-29,8.680000305175781,8.899999618530273,8.5,8.619999885559082,8.049322128295898,829200
2022-06-30,8.470000267028809,8.600000381469727,8.34000015258789,8.460000038146973,7.899913311004639,573600
2022-07-01,8.460000038146973,8.489999771118164,8.079999923706055,8.329999923706055,7.778520107269287,954500
2022-07-05,8.1899995803833,8.210000038146973,7.900000095367432,8.130000114440918,7.591761112213135,791800
2022-07-06,8.170000076293945,8.199999809265137,7.769999980926514,7.889999866485596,7.367649555206299,797200
2022-07-07,7.949999809265137,8.199999809265137,7.909999847412109,7.960000038146973,7.4330153465271,998200
2022-07-08,7.989999771118164,8.130000114440918,7.909999847412109,7.940000057220459,7.414339542388916,743200
2022-07-11,7.900000095367432,7.960000038146973,7.570000171661377,7.579999923706055,7.0781731605529785,526900
2022-07-12,7.510000228881836,7.579999923706055,7.28000020980835,7.5,7.003468990325928,854200
2022-07-13,7.449999809265137,7.570000171661377,7.389999866485596,7.460000038146973,6.9661173820495605,478300
2022-07-14,7.230000019073486,7.340000152587891,6.960000038146973,7.090000152587891,6.620613098144531,816100
2022-07-15,7.179999828338623,7.269999980926514,7.019999980926514,7.230000019073486,6.751344680786133,1957600
2022-07-18,7.349999904632568,7.650000095367432,7.349999904632568,7.400000095367432,6.910089492797852,665700
2022-07-19,7.429999828338623,7.599999904632568,7.429999828338623,7.579999923706055,7.0781731605529785,766500
2022-07-20,7.550000190734863,7.699999809265137,7.550000190734863,7.639999866485596,7.134200572967529,951600
2022-07-21,7.570000171661377,7.610000133514404,7.420000076293945,7.53000020980835,7.0314836502075195,923100
2022-07-22,7.559999942779541,7.630000114440918,7.480000019073486,7.519999980926514,7.0221452713012695,756300
2022-07-25,7.599999904632568,7.829999923706055,7.590000152587891,7.800000190734863,7.2836079597473145,461800
2022-07-26,7.789999961853027,7.880000114440918,7.559999942779541,7.570000171661377,7.068835258483887,376400
2022-07-27,7.570000171661377,7.840000152587891,7.510000228881836,7.820000171661377,7.302284240722656,357900
2022-07-28,7.889999866485596,8.119999885559082,7.75,8.100000381469727,7.563746929168701,836600
2022-07-29,8.15999984741211,8.260000228881836,8.0600004196167,8.199999809265137,7.657125949859619,483400
2022-08-01,8.149999618530273,8.15999984741211,8.029999732971191,8.109999656677246,7.573084354400635,313700
2022-08-02,8.130000114440918,8.210000038146973,8.039999961853027,8.100000381469727,7.563746929168701,278300
2022-08-03,8.170000076293945,8.3100004196167,8.0600004196167,8.1899995803833,7.647788047790527,437600
2022-08-04,8.130000114440918,8.229999542236328,8.119999885559082,8.149999618530273,7.61043643951416,426100
2022-08-05,8.130000114440918,8.399999618530273,8.130000114440918,8.380000114440918,7.825209140777588,432400
2022-08-08,8.460000038146973,8.670000076293945,8.460000038146973,8.640000343322754,8.067996978759766,647300
2022-08-09,8.649999618530273,8.739999771118164,8.539999961853027,8.600000381469727,8.030645370483398,412300
2022-08-10,8.729999542236328,8.859999656677246,8.699999809265137,8.770000457763672,8.189390182495117,348800
2022-08-11,8.920000076293945,9.0,8.789999961853027,8.899999618530273,8.310783386230469,535300
2022-08-12,8.949999809265137,9.640000343322754,8.800000190734863,9.539999961853027,8.90841293334961,1009600
2022-08-15,9.270000457763672,9.479999542236328,9.069999694824219,9.399999618530273,8.777680397033691,588000
2022-08-16,9.399999618530273,9.399999618530273,9.279999732971191,9.34000015258789,8.721654891967773,432300
2022-08-17,9.350000381469727,9.449999809265137,9.039999961853027,9.0600004196167,8.46019172668457,613100
2022-08-18,9.09000015258789,9.1899995803833,9.010000228881836,9.170000076293945,8.562908172607422,297500
2022-08-19,9.079999923706055,9.09000015258789,8.90999984741211,8.960000038146973,8.366811752319336,368500
2022-08-22,8.850000381469727,9.069999694824219,8.8100004196167,9.0600004196167,8.46019172668457,358700
2022-08-23,9.119999885559082,9.449999809265137,9.119999885559082,9.4399995803833,8.815033912658691,558500
2022-08-24,9.380000114440918,9.390000343322754,9.199999809265137,9.3100004196167,8.693639755249023,490500
2022-08-25,9.4399995803833,9.569999694824219,9.390000343322754,9.520000457763672,8.889738082885742,473700
2022-08-26,9.489999771118164,9.550000190734863,9.369999885559082,9.510000228881836,8.880398750305176,534000
2022-08-29,9.449999809265137,10.09000015258789,9.399999618530273,10.039999961853027,9.375311851501465,863000
2022-08-30,10.0600004196167,10.0600004196167,9.239999771118164,9.359999656677246,8.740328788757324,2046100
2022-08-31,9.359999656677246,9.489999771118164,9.220000267028809,9.220000267028809,8.609600067138672,590300
2022-09-01,9.09000015258789,9.239999771118164,8.960000038146973,9.0,8.404163360595703,586400
2022-09-02,9.220000267028809,9.220000267028809,8.890000343322754,8.890000343322754,8.301445007324219,600500
2022-09-06,8.949999809265137,8.989999771118164,8.720000267028809,8.720000267028809,8.1427001953125,535200
2022-09-07,8.710000038146973,8.899999618530273,8.529999732971191,8.789999961853027,8.2080659866333,800400
2022-09-08,8.729999542236328,8.9399995803833,8.729999542236328,8.9399995803833,8.348134994506836,520300
2022-09-09,9.069999694824219,9.069999694824219,8.899999618530273,8.960000038146973,8.366811752319336,284900
2022-09-12,9.100000381469727,9.15999984741211,8.970000267028809,9.029999732971191,8.432177543640137,321500
2022-09-13,8.859999656677246,9.069999694824219,8.850000381469727,8.920000076293945,8.329460144042969,857700
2022-09-14,8.979999542236328,8.979999542236328,8.710000038146973,8.779999732971191,8.19872760772705,501900
2022-09-15,8.710000038146973,8.710000038146973,8.239999771118164,8.239999771118164,7.694477558135986,697000
2022-09-16,8.149999618530273,8.1899995803833,7.989999771118164,8.130000114440918,7.591761112213135,725500
2022-09-19,7.980000019073486,8.520000457763672,7.980000019073486,8.5,7.937264919281006,532500
2022-09-20,8.430000305175781,8.489999771118164,8.289999961853027,8.420000076293945,7.8625617027282715,715100
2022-09-21,8.449999809265137,8.600000381469727,8.3100004196167,8.420000076293945,7.8625617027282715,554900
2022-09-22,8.430000305175781,8.510000228881836,8.149999618530273,8.229999542236328,7.685140132904053,305700
2022-09-23,8.020000457763672,8.020000457763672,7.590000152587891,7.650000095367432,7.143538475036621,618100
2022-09-26,7.610000133514404,7.760000228881836,7.420000076293945,7.510000228881836,7.012807846069336,481400
2022-09-27,7.619999885559082,7.880000114440918,7.590000152587891,7.670000076293945,7.162214756011963,436500
2022-09-28,7.71999979019165,7.869999885559082,7.570000171661377,7.809999942779541,7.292945861816406,512200
2022-09-29,7.75,7.75,7.5,7.71999979019165,7.208904266357422,572700
2022-09-30,7.860000133514404,8.380000114440918,7.679999828338623,8.289999961853027,7.74116849899292,1445100
2022-10-03,8.40999984741211,8.539999961853027,8.020000457763672,8.329999923706055,7.778520107269287,785500
2022-10-04,8.4399995803833,8.739999771118164,8.4399995803833,8.680000305175781,8.105348587036133,396600
2022-10-05,8.680000305175781,8.680000305175781,8.4399995803833,8.619999885559082,8.049322128295898,479700
2022-10-06,8.619999885559082,8.829999923706055,8.520000457763672,8.550000190734863,7.983955383300781,363000
2022-10-07,8.489999771118164,8.569999694824219,8.319999694824219,8.510000228881836,7.946603775024414,438800
2022-10-10,8.59000015258789,8.699999809265137,8.470000267028809,8.510000228881836,7.946603775024414,325900
2022-10-11,8.5,8.529999732971191,8.239999771118164,8.350000381469727,7.797195911407471,303600
2022-10-12,8.359999656677246,8.359999656677246,8.100000381469727,8.239999771118164,7.694477558135986,357500
2022-10-13,8.100000381469727,8.619999885559082,8.0,8.510000228881836,7.946603775024414,470200
2022-10-14,8.449999809265137,8.579999923706055,8.140000343322754,8.15999984741211,7.619773864746094,367200
2022-10-17,8.279999732971191,8.550000190734863,8.279999732971191,8.430000305175781,7.871899604797363,347100
2022-10-18,8.380000114440918,8.460000038146973,8.210000038146973,8.40999984741211,7.85322380065918,1030500
2022-10-19,8.350000381469727,8.829999923706055,8.300000190734863,8.729999542236328,8.15203857421875,442900
2022-10-20,8.75,8.850000381469727,8.619999885559082,8.619999885559082,8.049322128295898,454400
2022-10-21,8.649999618530273,8.979999542236328,8.510000228881836,8.899999618530273,8.310783386230469,436200
2022-10-24,8.949999809265137,8.949999809265137,8.600000381469727,8.670000076293945,8.096010208129883,448600
2022-10-25,8.6899995803833,8.899999618530273,8.550000190734863,8.75,8.170714378356934,466300
2022-10-26,8.739999771118164,8.850000381469727,8.550000190734863,8.550000190734863,7.983955383300781,419200
2022-10-27,8.609999656677246,8.75,8.40999984741211,8.489999771118164,7.927926540374756,388400
2022-10-28,8.5,8.539999961853027,8.300000190734863,8.390000343322754,7.834547519683838,421300
2022-10-31,8.539999961853027,8.779999732971191,8.319999694824219,8.65999984741211,8.08667278289795,1132600
2022-11-01,8.619999885559082,8.680000305175781,8.430000305175781,8.59000015258789,8.172296524047852,445200
2022-11-02,8.380000114440918,8.430000305175781,8.149999618530273,8.180000305175781,7.782234191894531,550900
2022-11-03,8.069999694824219,8.479999542236328,7.96999979019165,8.40999984741211,8.001049041748047,652800
2022-11-04,8.579999923706055,8.800000190734863,8.430000305175781,8.5,8.08667278289795,572400
2022-11-07,8.520000457763672,8.890000343322754,8.520000457763672,8.770000457763672,8.343544960021973,659200
2022-11-08,8.789999961853027,8.9399995803833,8.649999618530273,8.829999923706055,8.400625228881836,495300
2022-11-09,8.760000228881836,8.8100004196167,8.489999771118164,8.5,8.08667278289795,508300
2022-11-10,8.449999809265137,8.489999771118164,7.639999866485596,7.949999809265137,7.563417434692383,1015200
2022-11-11,8.0,8.199999809265137,7.699999809265137,7.760000228881836,7.382656574249268,933400
2022-11-14,7.809999942779541,7.900000095367432,7.519999980926514,7.820000171661377,7.439739227294922,1415700
2022-11-15,7.96999979019165,8.109999656677246,7.860000133514404,8.029999732971191,7.639526844024658,522900
2022-11-16,7.980000019073486,8.029999732971191,7.760000228881836,7.909999847412109,7.525362014770508,668700
2022-11-17,7.820000171661377,7.909999847412109,7.690000057220459,7.769999980926514,7.392170429229736,381900
2022-11-18,7.820000171661377,8.0,7.809999942779541,7.989999771118164,7.601471900939941,465900
2022-11-21,7.96999979019165,8.140000343322754,7.820000171661377,8.0,7.610986232757568,562200
2022-11-22,8.010000228881836,8.270000457763672,7.989999771118164,8.180000305175781,7.782234191894531,471000
2022-11-23,8.15999984741211,8.279999732971191,8.039999961853027,8.229999542236328,7.8298020362854,309600
2022-11-25,8.270000457763672,8.369999885559082,8.1899995803833,8.220000267028809,7.820288181304932,267100
2022-11-28,8.130000114440918,8.210000038146973,8.0600004196167,8.180000305175781,7.782234191894531,380100
2022-11-29,8.180000305175781,8.279999732971191,8.130000114440918,8.15999984741211,7.7632060050964355,404800
2022-11-30,8.15999984741211,8.289999961853027,8.09000015258789,8.260000228881836,7.858343601226807,564300
2022-12-01,8.25,8.279999732971191,7.75,7.78000020980835,7.401684284210205,972600
2022-12-02,7.739999771118164,8.020000457763672,7.739999771118164,7.840000152587891,7.458766460418701,399400
2022-12-05,7.800000190734863,8.029999732971191,7.739999771118164,7.820000171661377,7.439739227294922,629700
2022-12-06,7.75,7.880000114440918,7.489999771118164,7.539999961853027,7.173354148864746,926200
2022-12-07,7.559999942779541,7.960000038146973,7.539999961853027,7.829999923706055,7.449252605438232,701700
2022-12-08,7.829999923706055,7.920000076293945,7.699999809265137,7.71999979019165,7.344601631164551,508000
2022-12-09,7.679999828338623,7.71999979019165,7.460000038146973,7.5,7.1352996826171875,670900
2022-12-12,7.460000038146973,7.610000133514404,7.300000190734863,7.599999904632568,7.2304368019104,779500
2022-12-13,7.739999771118164,7.949999809265137,7.579999923706055,7.619999885559082,7.24946403503418,562500
2022-12-14,7.429999828338623,7.429999828338623,6.949999809265137,7.190000057220459,6.840373992919922,1590100
2022-12-15,7.090000152587891,7.360000133514404,7.090000152587891,7.349999904632568,6.992593288421631,670300
2022-12-16,7.320000171661377,7.380000114440918,7.070000171661377,7.360000133514404,7.0021071434021,877400
2022-12-19,7.329999923706055,7.550000190734863,7.28000020980835,7.480000019073486,7.11627197265625,890700
2022-12-20,7.440000057220459,7.940000057220459,7.440000057220459,7.829999923706055,7.449252605438232,750000
2022-12-21,7.840000152587891,8.140000343322754,7.699999809265137,8.109999656677246,7.71563720703125,1283800
2022-12-22,8.0600004196167,8.239999771118164,7.880000114440918,8.220000267028809,7.820288181304932,1544500
2022-12-23,8.229999542236328,8.5,8.220000267028809,8.40999984741211,8.001049041748047,815700
2022-12-27,8.4399995803833,8.489999771118164,8.229999542236328,8.25,7.8488287925720215,405500
2022-12-28,8.260000228881836,8.399999618530273,8.170000076293945,8.319999694824219,7.9154253005981445,571800
2022-12-29,8.350000381469727,8.350000381469727,8.1899995803833,8.25,7.8488287925720215,333800
2022-12-30,8.229999542236328,8.329999923706055,8.149999618530273,8.289999961853027,7.886884689331055,327000
2023-01-03,8.25,8.279999732971191,7.420000076293945,7.550000190734863,7.182868480682373,1274600
2023-01-04,7.5,7.630000114440918,7.400000095367432,7.519999980926514,7.154326438903809,606500
2023-01-05,7.510000228881836,7.579999923706055,7.400000095367432,7.579999923706055,7.211409091949463,637600
2023-01-06,7.71999979019165,8.029999732971191,7.71999979019165,8.010000228881836,7.620500087738037,661800
2023-01-09,8.029999732971191,8.170000076293945,7.900000095367432,7.929999828338623,7.544389724731445,556800
2023-01-10,7.940000057220459,8.020000457763672,7.820000171661377,8.010000228881836,7.620500087738037,371000
2023-01-11,8.050000190734863,8.149999618530273,8.010000228881836,8.039999961853027,7.649040699005127,607100
2023-01-12,8.050000190734863,8.350000381469727,8.020000457763672,8.3100004196167,7.905911922454834,480300
2023-01-13,8.319999694824219,8.4399995803833,8.229999542236328,8.380000114440918,7.972507953643799,371600
2023-01-17,8.430000305175781,8.569999694824219,8.390000343322754,8.449999809265137,8.039103507995605,322900
2023-01-18,8.520000457763672,8.59000015258789,8.329999923706055,8.380000114440918,7.972507953643799,357100
2023-01-19,8.329999923706055,8.399999618530273,8.180000305175781,8.359999656677246,7.9534807205200195,400200
2023-01-20,8.390000343322754,8.390000343322754,8.260000228881836,8.300000190734863,7.896398067474365,172400
2023-01-23,8.329999923706055,8.399999618530273,8.229999542236328,8.25,7.8488287925720215,267300
2023-01-24,8.34000015258789,8.479999542236328,8.3100004196167,8.380000114440918,7.972507953643799,313800
2023-01-25,8.279999732971191,8.569999694824219,8.279999732971191,8.529999732971191,8.115213394165039,260500
2023-01-26,8.59000015258789,8.630000114440918,8.390000343322754,8.529999732971191,8.115213394165039,451600
2023-01-27,8.520000457763672,8.5600004196167,8.329999923706055,8.399999618530273,7.99153470993042,496200
2023-01-30,8.380000114440918,8.520000457763672,8.3100004196167,8.359999656677246,7.9534807205200195,837300
2023-01-31,8.399999618530273,8.479999542236328,8.260000228881836,8.449999809265137,8.039103507995605,384100
2023-02-01,8.420000076293945,8.510000228881836,8.319999694824219,8.460000038146973,8.04861831665039,414200
2023-02-02,8.449999809265137,8.899999618530273,8.3100004196167,8.770000457763672,8.343544960021973,1223400
2023-02-03,8.760000228881836,8.880000114440918,8.4399995803833,8.5,8.08667278289795,443000
2023-02-06,8.399999618530273,8.449999809265137,8.109999656677246,8.170000076293945,7.772719383239746,836500
2023-02-07,7.820000171661377,8.100000381469727,7.800000190734863,8.069999694824219,7.677581787109375,1042600
2023-02-08,7.800000190734863,8.039999961853027,7.78000020980835,7.789999961853027,7.411198139190674,585800
2023-02-09,7.820000171661377,7.860000133514404,7.559999942779541,7.679999828338623,7.306546211242676,508500
2023-02-10,7.659999847412109,7.889999866485596,7.650000095367432,7.739999771118164,7.36362886428833,671800
2023-02-13,7.730000019073486,8.020000457763672,7.610000133514404,8.020000457763672,7.630013942718506,607700
2023-02-14,8.010000228881836,8.140000343322754,7.900000095367432,7.920000076293945,7.534876346588135,546500
2023-02-15,7.869999885559082,8.109999656677246,7.869999885559082,8.109999656677246,7.71563720703125,412600
2023-02-16,8.34000015258789,8.390000343322754,8.130000114440918,8.140000343322754,7.744178295135498,845600
2023-02-17,8.109999656677246,8.1899995803833,8.020000457763672,8.0600004196167,7.668068885803223,475600
2023-02-21,8.029999732971191,8.079999923706055,7.900000095367432,7.909999847412109,7.525362014770508,419700
2023-02-22,7.929999828338623,8.119999885559082,7.929999828338623,8.09000015258789,7.6966094970703125,381700
2023-02-23,8.1899995803833,8.319999694824219,8.140000343322754,8.25,7.8488287925720215,415500
2023-02-24,8.210000038146973,8.40999984741211,8.1899995803833,8.239999771118164,7.839315891265869,733800
2023-02-27,8.239999771118164,8.380000114440918,8.229999542236328,8.300000190734863,7.896398067474365,695100
2023-02-28,8.399999618530273,8.460000038146973,7.900000095367432,8.119999885559082,7.7251505851745605,1044600
2023-03-01,8.109999656677246,8.239999771118164,8.039999961853027,8.149999618530273,7.753691673278809,368300
2023-03-02,8.119999885559082,8.1899995803833,8.0600004196167,8.09000015258789,7.6966094970703125,275500
2023-03-03,8.109999656677246,8.210000038146973,8.039999961853027,8.050000190734863,7.658555030822754,475500
2023-03-06,8.050000190734863,8.270000457763672,8.020000457763672,8.15999984741211,7.7632060050964355,341500
2023-03-07,8.09000015258789,8.149999618530273,7.840000152587891,7.940000057220459,7.553903579711914,398900
2023-03-08,7.949999809265137,8.069999694824219,7.880000114440918,7.920000076293945,7.534876346588135,714000
2023-03-09,7.909999847412109,8.020000457763672,7.730000019073486,7.730000019073486,7.3541154861450195,801600
2023-03-10,7.760000228881836,8.130000114440918,7.5,7.800000190734863,7.420711040496826,999500
2023-03-13,7.639999866485596,7.860000133514404,7.570000171661377,7.690000057220459,7.316060543060303,509600
2023-03-14,7.820000171661377,8.050000190734863,7.71999979019165,7.880000114440918,7.496821403503418,410100
2023-03-15,7.71999979019165,7.71999979019165,7.409999847412109,7.510000228881836,7.144813537597656,623200
2023-03-16,7.429999828338623,7.650000095367432,7.420000076293945,7.630000114440918,7.258977890014648,383100
2023-03-17,7.53000020980835,7.539999961853027,7.340000152587891,7.360000133514404,7.0021071434021,580500
2023-03-20,7.400000095367432,7.590000152587891,7.400000095367432,7.539999961853027,7.173354148864746,485700
2023-03-21,7.659999847412109,7.800000190734863,7.619999885559082,7.639999866485596,7.268491744995117,397300
2023-03-22,7.639999866485596,7.800000190734863,7.610000133514404,7.650000095367432,7.278005599975586,320000
2023-03-23,7.699999809265137,7.820000171661377,7.559999942779541,7.610000133514404,7.239950656890869,504400
2023-03-24,7.590000152587891,7.78000020980835,7.460000038146973,7.699999809265137,7.325573444366455,353200
2023-03-27,7.730000019073486,8.09000015258789,7.710000038146973,8.020000457763672,7.630013942718506,767900
2023-03-28,8.0,8.140000343322754,7.96999979019165,8.109999656677246,7.71563720703125,353200
2023-03-29,8.149999618530273,8.25,8.130000114440918,8.149999618530273,7.753691673278809,291000
2023-03-30,8.199999809265137,8.25,8.0600004196167,8.1899995803833,7.791746616363525,475200
2023-03-31,8.260000228881836,8.279999732971191,8.020000457763672,8.09000015258789,7.6966094970703125,305700
2023-04-03,8.109999656677246,8.239999771118164,8.109999656677246,8.1899995803833,7.791746616363525,274500
2023-04-04,8.220000267028809,8.260000228881836,7.920000076293945,8.050000190734863,7.658555030822754,655900
2023-04-05,8.0600004196167,8.0600004196167,7.829999923706055,7.900000095367432,7.5158491134643555,746500
2023-04-06,7.929999828338623,7.940000057220459,7.820000171661377,7.920000076293945,7.534876346588135,423900
2023-04-10,7.889999866485596,8.09000015258789,7.889999866485596,8.039999961853027,7.649040699005127,405900
2023-04-11,8.100000381469727,8.579999923706055,8.100000381469727,8.579999923706055,8.162782669067383,1535600
2023-04-12,8.489999771118164,9.069999694824219,8.489999771118164,8.9399995803833,8.505276679992676,937400
2023-04-13,9.0,9.100000381469727,8.869999885559082,8.899999618530273,8.467222213745117,681300
2023-04-14,8.899999618530273,9.0600004196167,8.899999618530273,8.979999542236328,8.543331146240234,481200
2023-04-17,8.720000267028809,8.779999732971191,8.260000228881836,8.5600004196167,8.143754959106445,1048100
2023-04-18,8.470000267028809,8.720000267028809,8.430000305175781,8.579999923706055,8.162782669067383,526000
2023-04-19,8.5600004196167,8.5600004196167,8.300000190734863,8.399999618530273,7.99153470993042,627900
2023-04-20,8.180000305175781,8.239999771118164,7.989999771118164,8.0600004196167,7.668068885803223,723800
2023-04-21,8.09000015258789,8.119999885559082,7.940000057220459,8.039999961853027,7.649040699005127,497400
2023-04-24,8.0,8.130000114440918,7.929999828338623,8.119999885559082,7.7251505851745605,432900
2023-04-25,8.09000015258789,8.239999771118164,8.039999961853027,8.1899995803833,7.791746616363525,453400
2023-04-26,8.210000038146973,8.279999732971191,8.140000343322754,8.270000457763672,7.867856979370117,528200
2023-04-27,8.289999961853027,8.460000038146973,8.1899995803833,8.430000305175781,8.020076751708984,462100
2023-04-28,8.40999984741211,8.470000267028809,8.260000228881836,8.460000038146973,8.04861831665039,558400
2023-05-01,8.460000038146973,8.539999961853027,8.420000076293945,8.479999542236328,8.067645072937012,539800
2023-05-02,8.449999809265137,8.449999809265137,8.149999618530273,8.210000038146973,7.810774803161621,355900
2023-05-03,8.229999542236328,8.279999732971191,8.180000305175781,8.180000305175781,7.782234191894531,439000
2023-05-04,8.180000305175781,8.229999542236328,8.119999885559082,8.1899995803833,7.791746616363525,378600
2023-05-05,8.270000457763672,8.569999694824219,8.199999809265137,8.520000457763672,8.105700492858887,480000
2023-05-08,8.390000343322754,8.699999809265137,8.390000343322754,8.59000015258789,8.331693649291992,561700
2023-05-09,8.520000457763672,8.699999809265137,8.420000076293945,8.65999984741211,8.399588584899902,335700
2023-05-10,8.699999809265137,8.729999542236328,8.430000305175781,8.529999732971191,8.273497581481934,604700
2023-05-11,8.489999771118164,8.569999694824219,8.329999923706055,8.350000381469727,8.09891128540039,1668800
2023-05-12,8.460000038146973,8.800000190734863,8.420000076293945,8.699999809265137,8.438385963439941,838200
2023-05-15,8.699999809265137,8.899999618530273,8.600000381469727,8.890000343322754,8.622673034667969,673800
2023-05-16,8.829999923706055,8.899999618530273,8.59000015258789,8.640000343322754,8.3801908493042,594900
2023-05-17,8.680000305175781,8.8100004196167,8.579999923706055,8.720000267028809,8.457784652709961,541100
2023-05-18,8.640000343322754,8.75,8.510000228881836,8.729999542236328,8.467483520507812,525100
2023-05-19,8.779999732971191,8.899999618530273,8.710000038146973,8.819999694824219,8.554778099060059,409400
2023-05-22,8.819999694824219,8.899999618530273,8.779999732971191,8.8100004196167,8.54507827758789,377100
2023-05-23,8.789999961853027,9.100000381469727,8.779999732971191,8.970000267028809,8.700267791748047,673800
2023-05-24,8.930000305175781,9.3100004196167,8.930000305175781,9.140000343322754,8.865155220031738,831800
2023-05-25,9.170000076293945,9.199999809265137,8.9399995803833,8.949999809265137,8.680868148803711,633200
2023-05-26,9.069999694824219,9.510000228881836,9.039999961853027,9.079999923706055,8.80695915222168,1125200
2023-05-30,9.050000190734863,9.100000381469727,8.539999961853027,8.619999885559082,8.360791206359863,1005700
2023-05-31,8.579999923706055,8.819999694824219,8.550000190734863,8.739999771118164,8.47718334197998,1960000
2023-06-01,8.75,8.84000015258789,8.6899995803833,8.75,8.486883163452148,458100
2023-06-02,8.829999923706055,9.09000015258789,8.819999694824219,9.09000015258789,8.816658973693848,675100
2023-06-05,9.069999694824219,9.319999694824219,9.069999694824219,9.220000267028809,8.942749977111816,681400
2023-06-06,9.130000114440918,9.65999984741211,9.119999885559082,9.619999885559082,9.330720901489258,1002100
2023-06-07,9.649999618530273,9.720000267028809,9.489999771118164,9.550000190734863,9.262825965881348,540100
2023-06-08,9.479999542236328,9.510000228881836,9.279999732971191,9.449999809265137,9.165833473205566,589400
2023-06-09,9.449999809265137,9.600000381469727,9.449999809265137,9.550000190734863,9.262825965881348,691900
2023-06-12,9.5,9.5600004196167,9.380000114440918,9.460000038146973,9.175532341003418,343800
2023-06-13,9.489999771118164,9.729999542236328,9.489999771118164,9.670000076293945,9.379218101501465,770100
2023-06-14,9.6899995803833,9.75,9.5,9.579999923706055,9.291923522949219,404600
2023-06-15,9.579999923706055,9.760000228881836,9.569999694824219,9.739999771118164,9.447113037109375,483300
2023-06-16,9.739999771118164,9.859999656677246,9.609999656677246,9.84000015258789,9.544105529785156,461500
2023-06-20,9.850000381469727,9.9399995803833,9.699999809265137,9.850000381469727,9.553805351257324,421800
2023-06-21,9.8100004196167,10.0,9.8100004196167,9.989999771118164,9.689594268798828,459100
2023-06-22,9.920000076293945,9.970000267028809,9.819999694824219,9.829999923706055,9.534406661987305,306000
2023-06-23,9.75,9.859999656677246,9.710000038146973,9.75,9.456811904907227,411500
2023-06-26,9.8100004196167,9.869999885559082,9.6899995803833,9.6899995803833,9.398615837097168,302900
2023-06-27,9.65999984741211,9.65999984741211,9.140000343322754,9.180000305175781,8.903952598571777,657600
2023-06-28,9.130000114440918,9.239999771118164,9.100000381469727,9.109999656677246,8.836057662963867,408000
2023-06-29,9.140000343322754,9.350000381469727,9.140000343322754,9.239999771118164,8.96214771270752,262900
2023-06-30,9.270000457763672,9.399999618530273,9.25,9.359999656677246,9.07853889465332,562600
2023-07-03,9.359999656677246,9.520000457763672,9.359999656677246,9.479999542236328,9.194931030273438,270800
2023-07-05,9.319999694824219,9.699999809265137,9.319999694824219,9.65999984741211,9.369518280029297,517600
2023-07-06,9.569999694824219,9.600000381469727,9.260000228881836,9.369999885559082,9.088238716125488,331000
2023-07-07,9.390000343322754,9.649999618530273,9.350000381469727,9.600000381469727,9.311323165893555,252800
2023-07-10,9.5600004196167,9.720000267028809,9.5600004196167,9.5600004196167,9.272525787353516,432300
2023-07-11,9.65999984741211,9.800000190734863,9.550000190734863,9.720000267028809,9.427714347839355,406500
2023-07-12,9.819999694824219,10.050000190734863,9.649999618530273,9.729999542236328,9.43741226196289,678000
2023-07-13,9.789999961853027,9.850000381469727,9.670000076293945,9.710000038146973,9.418015480041504,484400
2023-07-14,9.720000267028809,9.729999542236328,9.4399995803833,9.539999961853027,9.253127098083496,318700
2023-07-17,10.050000190734863,10.520000457763672,9.880000114440918,10.449999809265137,10.135762214660645,1109100
2023-07-18,10.449999809265137,10.710000038146973,10.420000076293945,10.4399995803833,10.126063346862793,586700
2023-07-19,10.6899995803833,10.989999771118164,10.569999694824219,10.630000114440918,10.31035041809082,714100
2023-07-20,10.699999809265137,10.859999656677246,10.619999885559082,10.720000267028809,10.39764404296875,563000
2023-07-21,10.800000190734863,10.8100004196167,10.579999923706055,10.6899995803833,10.368544578552246,524600
2023-07-24,10.680000305175781,10.84000015258789,10.649999618530273,10.6899995803833,10.368544578552246,255400
2023-07-25,10.670000076293945,10.789999961853027,10.630000114440918,10.65999984741211,10.339447021484375,249900
2023-07-26,10.640000343322754,10.720000267028809,10.4399995803833,10.640000343322754,10.320049285888672,729000
2023-07-27,10.699999809265137,10.869999885559082,10.640000343322754,10.680000305175781,10.358846664428711,382100
2023-07-28,10.770000457763672,10.84000015258789,10.680000305175781,10.779999732971191,10.455839157104492,276500
2023-07-31,10.899999618530273,11.109999656677246,10.899999618530273,11.100000381469727,10.766217231750488,538800
2023-08-01,11.010000228881836,11.0600004196167,10.829999923706055,10.899999618530273,10.572230339050293,277600
2023-08-02,10.899999618530273,11.010000228881836,10.819999694824219,10.920000076293945,10.591629981994629,356100
2023-08-03,10.90999984741211,11.020000457763672,10.800000190734863,10.829999923706055,10.504335403442383,331500
2023-08-04,10.850000381469727,11.0,10.760000228881836,10.770000457763672,10.44614028930664,291300
2023-08-07,10.739999771118164,10.789999961853027,10.600000381469727,10.649999618530273,10.329748153686523,437100
2023-08-08,10.5,10.630000114440918,10.390000343322754,10.59000015258789,10.271553039550781,342700
2023-08-09,10.609999656677246,10.609999656677246,10.140000343322754,10.180000305175781,9.873881340026855,483700
2023-08-10,10.25,10.420000076293945,10.09000015258789,10.210000038146973,9.902978897094727,624900
2023-08-11,10.149999618530273,10.180000305175781,9.75,9.760000228881836,9.466511726379395,686600
2023-08-14,9.819999694824219,9.819999694824219,9.010000228881836,9.460000038146973,9.175532341003418,1675900
2023-08-15,9.4399995803833,9.829999923706055,9.399999618530273,9.550000190734863,9.262825965881348,717700
2023-08-16,9.539999961853027,9.710000038146973,9.430000305175781,9.430000305175781,9.146434783935547,434100
2023-08-17,9.569999694824219,9.59000015258789,9.359999656677246,9.420000076293945,9.136735916137695,769200
2023-08-18,9.40999984741211,10.399999618530273,9.40999984741211,10.380000114440918,10.06786823272705,1067900
2023-08-21,10.550000190734863,10.930000305175781,10.539999961853027,10.899999618530273,10.572230339050293,783600
2023-08-22,10.930000305175781,11.170000076293945,10.90999984741211,11.039999961853027,10.70802116394043,548700
2023-08-23,11.0,11.510000228881836,10.899999618530273,11.350000381469727,11.008699417114258,826200
2023-08-24,11.350000381469727,11.380000114440918,10.8100004196167,11.0,10.66922378540039,781900
2023-08-25,11.020000457763672,11.359999656677246,11.020000457763672,11.319999694824219,10.97960090637207,415000
2023-08-28,11.40999984741211,11.510000228881836,11.300000190734863,11.420000076293945,11.076594352722168,340800
2023-08-29,11.380000114440918,11.619999885559082,11.319999694824219,11.479999542236328,11.13478946685791,648300
2023-08-30,11.479999542236328,11.609999656677246,11.359999656677246,11.520000457763672,11.173587799072266,460600
2023-08-31,11.5,11.569999694824219,11.3100004196167,11.479999542236328,11.13478946685791,364800
2023-09-01,11.569999694824219,11.75,11.529999732971191,11.729999542236328,11.37727165222168,517200
2023-09-05,11.6899995803833,11.699999809265137,11.479999542236328,11.550000190734863,11.202685356140137,331300
2023-09-06,11.75,11.979999542236328,11.359999656677246,11.40999984741211,11.06689453125,850300
2023-09-07,11.470000267028809,11.680000305175781,11.40999984741211,11.609999656677246,11.260880470275879,465400
2023-09-08,11.640000343322754,11.680000305175781,11.510000228881836,11.630000114440918,11.280280113220215,410300
2023-09-11,11.720000267028809,11.850000381469727,11.710000038146973,11.75,11.396671295166016,306100
2023-09-12,11.84000015258789,11.880000114440918,11.630000114440918,11.710000038146973,11.357873916625977,345700
2023-09-13,11.760000228881836,11.850000381469727,11.569999694824219,11.680000305175781,11.328776359558105,449600
2023-09-14,11.75,11.899999618530273,11.710000038146973,11.8100004196167,11.454867362976074,326300
2023-09-15,11.789999961853027,11.890000343322754,11.720000267028809,11.720000267028809,11.367572784423828,470600
2023-09-18,11.779999732971191,11.789999961853027,11.640000343322754,11.680000305175781,11.328776359558105,365400
2023-09-19,11.75,11.770000457763672,11.510000228881836,11.670000076293945,11.319076538085938,413800
2023-09-20,11.710000038146973,11.920000076293945,11.630000114440918,11.640000343322754,11.289978981018066,441200
2023-09-21,11.600000381469727,11.6899995803833,11.460000038146973,11.460000038146973,11.115391731262207,248200
2023-09-22,11.479999542236328,11.609999656677246,11.34000015258789,11.359999656677246,11.018397331237793,314600
2023-09-25,11.350000381469727,11.5600004196167,11.300000190734863,11.4399995803833,11.095993041992188,289300
2023-09-26,11.359999656677246,11.539999961853027,11.359999656677246,11.489999771118164,11.144489288330078,274500
2023-09-27,11.579999923706055,11.640000343322754,11.430000305175781,11.489999771118164,11.144489288330078,203700
2023-09-28,11.5,11.770000457763672,11.40999984741211,11.609999656677246,11.260880470275879,404000
2023-09-29,11.680000305175781,11.9399995803833,11.579999923706055,11.6899995803833,11.33847427368164,1258300
2023-10-02,11.25,11.359999656677246,11.0,11.15999984741211,10.82441234588623,741700
2023-10-03,11.130000114440918,11.239999771118164,10.84000015258789,10.930000305175781,10.60132884979248,538800
2023-10-04,10.920000076293945,10.970000267028809,10.729999542236328,10.970000267028809,10.64012622833252,369600
2023-10-05,10.949999809265137,11.0,10.640000343322754,10.729999542236328,10.407341957092285,294500
2023-10-06,10.680000305175781,10.829999923706055,10.529999732971191,10.770000457763672,10.44614028930664,331300
2023-10-09,10.859999656677246,10.869999885559082,10.680000305175781,10.6899995803833,10.368544578552246,464200
2023-10-10,10.729999542236328,11.0,10.729999542236328,10.920000076293945,10.591629981994629,369700
2023-10-11,10.930000305175781,10.979999542236328,10.770000457763672,10.800000190734863,10.475237846374512,583300
2023-10-12,10.850000381469727,10.899999618530273,10.59000015258789,10.640000343322754,10.320049285888672,339000
2023-10-13,10.729999542236328,10.789999961853027,10.649999618530273,10.6899995803833,10.368544578552246,302800
2023-10-16,10.75,11.050000190734863,10.75,11.0,10.66922378540039,420300
2023-10-17,10.890000343322754,11.119999885559082,10.850000381469727,11.010000228881836,10.678923606872559,379800
2023-10-18,11.0,11.399999618530273,11.0,11.180000305175781,10.843811988830566,450800
2023-10-19,11.199999809265137,11.229999542236328,10.8100004196167,10.829999923706055,10.504335403442383,855400
2023-10-20,10.800000190734863,11.069999694824219,10.779999732971191,10.970000267028809,10.64012622833252,459500
2023-10-23,10.84000015258789,10.970000267028809,10.720000267028809,10.8100004196167,10.48493766784668,405900
2023-10-24,10.8100004196167,10.989999771118164,10.789999961853027,10.930000305175781,10.60132884979248,447800
2023-10-25,10.859999656677246,10.989999771118164,10.739999771118164,10.800000190734863,10.475237846374512,538800
2023-10-26,10.84000015258789,11.020000457763672,10.720000267028809,10.90999984741211,10.581930160522461,616800
2023-10-27,10.90999984741211,10.989999771118164,10.760000228881836,10.800000190734863,10.475237846374512,301400
2023-10-30,10.949999809265137,11.010000228881836,10.59000015258789,10.640000343322754,10.320049285888672,285100
2023-10-31,10.609999656677246,10.720000267028809,10.510000228881836,10.550000190734863,10.232756614685059,209800
2023-11-01,10.579999923706055,10.760000228881836,10.529999732971191,10.699999809265137,10.37824535369873,272800
2023-11-02,10.699999809265137,11.050000190734863,10.670000076293945,11.0,10.66922378540039,367100
2023-11-03,11.119999885559082,11.1899995803833,11.039999961853027,11.069999694824219,10.7371187210083,422800
2023-11-06,11.100000381469727,11.119999885559082,10.880000114440918,10.899999618530273,10.572230339050293,219200
2023-11-07,10.880000114440918,10.989999771118164,10.75,10.899999618530273,10.572230339050293,324100
2023-11-08,10.75,10.760000228881836,10.4399995803833,10.4399995803833,10.281702995300293,281500
2023-11-09,10.40999984741211,10.609999656677246,10.350000381469727,10.369999885559082,10.212764739990234,350000
2023-11-10,10.369999885559082,10.4399995803833,10.229999542236328,10.279999732971191,10.124129295349121,565600
2023-11-13,10.239999771118164,10.350000381469727,10.210000038146973,10.25,10.094584465026855,651600
2023-11-14,10.65999984741211,10.65999984741211,9.819999694824219,10.289999961853027,10.133977890014648,1418100
2023-11-15,10.34000015258789,10.640000343322754,10.289999961853027,10.539999961853027,10.38018798828125,729300
2023-11-16,10.479999542236328,10.539999961853027,10.210000038146973,10.399999618530273,10.2423095703125,592300
2023-11-17,10.5,10.539999961853027,10.40999984741211,10.470000267028809,10.311248779296875,419300
2023-11-20,11.680000305175781,11.680000305175781,10.949999809265137,11.470000267028809,11.296086311340332,2313800
2023-11-21,11.479999542236328,11.579999923706055,11.289999961853027,11.369999885559082,11.197602272033691,797300
2023-11-22,11.390000343322754,11.4399995803833,11.1899995803833,11.3100004196167,11.13851261138916,792700
2023-11-24,11.270000457763672,11.5,11.229999542236328,11.369999885559082,11.197602272033691,339800
2023-11-27,11.369999885559082,11.510000228881836,11.300000190734863,11.4399995803833,11.26654052734375,713600
2023-11-28,11.369999885559082,11.399999618530273,11.170000076293945,11.199999809265137,11.030179977416992,616600
2023-11-29,11.210000038146973,11.430000305175781,11.029999732971191,11.289999961853027,11.118815422058105,567900
2023-11-30,11.380000114440918,11.850000381469727,11.34000015258789,11.460000038146973,11.286237716674805,1278600
2023-12-01,11.359999656677246,11.449999809265137,11.119999885559082,11.199999809265137,11.030179977416992,731800
2023-12-04,11.100000381469727,11.3100004196167,11.010000228881836,11.029999732971191,10.862757682800293,542300
2023-12-05,11.5600004196167,12.510000228881836,11.470000267028809,12.350000381469727,12.16274356842041,2436000
2023-12-06,12.449999809265137,12.460000038146973,11.920000076293945,12.130000114440918,11.94607925415039,1581400
2023-12-07,12.170000076293945,12.229999542236328,11.949999809265137,12.0,11.818050384521484,710800
2023-12-08,11.0600004196167,11.140000343322754,10.149999618530273,10.4399995803833,10.281702995300293,2470300
2023-12-11,10.40999984741211,10.989999771118164,10.279999732971191,10.9399995803833,10.77412223815918,1204400
2023-12-12,10.899999618530273,11.380000114440918,10.859999656677246,11.140000343322754,10.971090316772461,1080100
2023-12-13,11.180000305175781,11.640000343322754,11.050000190734863,11.539999961853027,11.365025520324707,1225800
2023-12-14,11.609999656677246,11.8100004196167,11.4399995803833,11.5600004196167,11.384722709655762,523800
2023-12-15,11.529999732971191,11.569999694824219,11.220000267028809,11.390000343322754,11.217299461364746,709800
2023-12-18,11.5,11.539999961853027,11.300000190734863,11.369999885559082,11.197602272033691,611900
2023-12-19,11.430000305175781,11.579999923706055,11.25,11.260000228881836,11.08927059173584,579800
2023-12-20,11.220000267028809,11.359999656677246,11.0,11.0,10.833212852478027,406800
2023-12-21,11.15999984741211,11.180000305175781,10.890000343322754,11.020000457763672,10.852910041809082,566600
2023-12-22,11.069999694824219,11.270000457763672,11.020000457763672,11.09000015258789,10.92184829711914,377000
2023-12-26,11.199999809265137,11.25,11.130000114440918,11.180000305175781,11.010483741760254,337800
2023-12-27,11.260000228881836,11.260000228881836,11.069999694824219,11.119999885559082,10.951393127441406,327200
2023-12-28,11.149999618530273,11.149999618530273,11.029999732971191,11.0600004196167,10.892303466796875,195900
2023-12-29,11.0600004196167,11.140000343322754,11.050000190734863,11.100000381469727,10.931696891784668,220900
2024-01-02,11.0600004196167,11.0600004196167,10.869999885559082,10.890000343322754,10.724881172180176,340400
2024-01-03,10.890000343322754,11.0,10.75,10.899999618530273,10.734728813171387,540400
2024-01-04,10.850000381469727,11.010000228881836,10.770000457763672,10.8100004196167,10.64609432220459,378800
2024-01-05,10.800000190734863,10.930000305175781,10.699999809265137,10.789999961853027,10.626397132873535,313400
2024-01-08,10.8100004196167,10.989999771118164,10.739999771118164,10.930000305175781,10.764274597167969,335700
2024-01-09,10.899999618530273,11.010000228881836,10.800000190734863,10.800000190734863,10.636245727539062,381900
2024-01-10,10.8100004196167,10.930000305175781,10.529999732971191,10.579999923706055,10.419581413269043,537000
2024-01-11,10.600000381469727,10.989999771118164,10.550000190734863,10.850000381469727,10.685487747192383,541700
2024-01-12,10.9399995803833,10.989999771118164,10.640000343322754,10.649999618530273,10.488519668579102,772200
2024-01-16,10.600000381469727,10.600000381469727,10.25,10.470000267028809,10.311248779296875,1152900
2024-01-17,10.350000381469727,10.350000381469727,10.020000457763672,10.050000190734863,9.89761734008789,795900
2024-01-18,10.149999618530273,10.229999542236328,10.010000228881836,10.119999885559082,9.96655559539795,502500
2024-01-19,10.100000381469727,10.15999984741211,9.9399995803833,10.130000114440918,9.976404190063477,606100
2024-01-22,9.869999885559082,10.130000114440918,9.600000381469727,9.970000267028809,9.818830490112305,986400
2024-01-23,10.0,10.109999656677246,9.829999923706055,9.979999542236328,9.828678131103516,963200
2024-01-24,10.130000114440918,10.170000076293945,9.920000076293945,9.920000076293945,9.769588470458984,332700
2024-01-25,10.010000228881836,10.1899995803833,10.0,10.149999618530273,9.996100425720215,304300
2024-01-26,10.170000076293945,10.289999961853027,10.149999618530273,10.180000305175781,10.025646209716797,406300
2024-01-29,10.170000076293945,10.289999961853027,10.140000343322754,10.25,10.094584465026855,837100
2024-01-30,10.229999542236328,10.3100004196167,10.119999885559082,10.3100004196167,10.153675079345703,688000
2024-01-31,10.34000015258789,10.479999542236328,10.210000038146973,10.229999542236328,10.0748872756958,461700
2024-02-01,10.3100004196167,10.399999618530273,10.229999542236328,10.350000381469727,10.193068504333496,358400
2024-02-02,10.40999984741211,10.649999618530273,10.359999656677246,10.5600004196167,10.399885177612305,463600
2024-02-05,10.510000228881836,10.510000228881836,10.15999984741211,10.199999809265137,10.045342445373535,560200
2024-02-06,10.229999542236328,10.4399995803833,10.109999656677246,10.4399995803833,10.281702995300293,566400
2024-02-07,10.4399995803833,10.449999809265137,10.199999809265137,10.210000038146973,10.055191040039062,496400
2024-02-08,10.1899995803833,10.1899995803833,9.720000267028809,9.779999732971191,9.63171100616455,818700
2024-02-09,9.8100004196167,9.970000267028809,9.789999961853027,9.829999923706055,9.680953025817871,444500
2024-02-12,9.829999923706055,9.960000038146973,9.800000190734863,9.84000015258789,9.690801620483398,552100
2024-02-13,9.699999809265137,9.779999732971191,9.479999542236328,9.510000228881836,9.365805625915527,558300
2024-02-14,9.539999961853027,9.720000267028809,9.539999961853027,9.630000114440918,9.483985900878906,419900
2024-02-15,9.670000076293945,9.800000190734863,9.609999656677246,9.710000038146973,9.562772750854492,410500
2024-02-16,9.680000305175781,9.949999809265137,9.640000343322754,9.920000076293945,9.769588470458984,591600
2024-02-20,9.850000381469727,10.029999732971191,9.819999694824219,9.930000305175781,9.779437065124512,404500
2024-02-21,9.930000305175781,10.050000190734863,9.890000343322754,9.930000305175781,9.779437065124512,383700
2024-02-22,9.880000114440918,10.09000015258789,9.880000114440918,10.010000228881836,9.858223915100098,325400
2024-02-23,10.0,10.039999961853027,9.890000343322754,9.949999809265137,9.79913330078125,334400
2024-02-26,9.930000305175781,9.930000305175781,9.779999732971191,9.880000114440918,9.730195045471191,405500
2024-02-27,9.930000305175781,10.119999885559082,9.90999984741211,9.989999771118164,9.838526725769043,368600
2024-02-28,9.979999542236328,10.109999656677246,9.899999618530273,9.979999542236328,9.828678131103516,318700
2024-02-29,10.069999694824219,10.100000381469727,9.920000076293945,10.039999961853027,9.887768745422363,559000
2024-03-01,10.100000381469727,10.180000305175781,9.970000267028809,10.079999923706055,9.927162170410156,562800
2024-03-04,10.09000015258789,10.239999771118164,9.859999656677246,9.949999809265137,9.79913330078125,474900
2024-03-05,9.960000038146973,10.109999656677246,9.960000038146973,10.010000228881836,9.858223915100098,338600
2024-03-06,10.119999885559082,10.170000076293945,10.039999961853027,10.130000114440918,9.976404190063477,359400
2024-03-07,10.180000305175781,10.210000038146973,10.029999732971191,10.039999961853027,9.887768745422363,268000
2024-03-08,10.069999694824219,10.149999618530273,9.949999809265137,10.109999656677246,9.956707000732422,266300
2024-03-11,10.100000381469727,10.1899995803833,10.069999694824219,10.180000305175781,10.025646209716797,250900
2024-03-12,10.239999771118164,10.25,10.15999984741211,10.199999809265137,10.045342445373535,261700
2024-03-13,10.15999984741211,10.5600004196167,10.15999984741211,10.399999618530273,10.2423095703125,500500
2024-03-14,10.600000381469727,10.600000381469727,10.289999961853027,10.319999694824219,10.163522720336914,443400
2024-03-15,10.350000381469727,10.420000076293945,9.710000038146973,10.029999732971191,9.877920150756836,1052400
2024-03-18,10.029999732971191,10.569999694824219,10.029999732971191,10.529999732971191,10.370339393615723,504400
2024-03-19,10.449999809265137,10.520000457763672,10.359999656677246,10.369999885559082,10.212764739990234,353100
2024-03-20,10.399999618530273,10.670000076293945,10.3100004196167,10.630000114440918,10.468823432922363,401100
2024-03-21,10.640000343322754,10.710000038146973,10.489999771118164,10.619999885559082,10.458974838256836,376300
2024-03-22,10.6899995803833,10.8100004196167,10.640000343322754,10.649999618530273,10.488519668579102,375000
2024-03-25,10.649999618530273,10.869999885559082,10.569999694824219,10.789999961853027,10.626397132873535,554700
2024-03-26,10.869999885559082,11.010000228881836,10.770000457763672,10.800000190734863,10.636245727539062,689900
2024-03-27,10.800000190734863,10.970000267028809,10.779999732971191,10.949999809265137,10.783970832824707,449900
2024-03-28,10.970000267028809,11.170000076293945,10.970000267028809,11.020000457763672,10.852910041809082,440800
2024-04-01,11.020000457763672,11.109999656677246,10.84000015258789,10.899999618530273,10.734728813171387,537600
2024-04-02,10.930000305175781,11.029999732971191,10.90999984741211,11.010000228881836,10.843061447143555,506600
2024-04-03,11.039999961853027,11.140000343322754,10.989999771118164,11.029999732971191,10.862757682800293,515200
2024-04-04,11.100000381469727,11.180000305175781,10.880000114440918,11.0600004196167,10.892303466796875,505100
2024-04-05,11.0600004196167,11.130000114440918,10.970000267028809,11.029999732971191,10.862757682800293,317500
2024-04-08,11.069999694824219,11.1899995803833,10.970000267028809,11.010000228881836,10.843061447143555,256900
2024-04-09,11.319999694824219,11.949999809265137,11.149999618530273,11.880000114440918,11.699870109558105,871400
2024-04-10,11.850000381469727,11.899999618530273,11.5600004196167,11.680000305175781,11.50290298461914,880000
2024-04-11,11.699999809265137,11.880000114440918,11.59000015258789,11.630000114440918,11.45366096496582,362200
2024-04-12,11.630000114440918,11.670000076293945,11.0600004196167,11.100000381469727,10.931696891784668,845500
2024-04-15,11.210000038146973,11.210000038146973,10.760000228881836,10.779999732971191,10.616548538208008,435900
2024-04-16,10.699999809265137,10.779999732971191,10.619999885559082,10.649999618530273,10.488519668579102,392600
2024-04-17,10.729999542236328,10.880000114440918,10.649999618530273,10.649999618530273,10.488519668579102,330900
2024-04-18,10.720000267028809,10.800000190734863,10.670000076293945,10.760000228881836,10.59685230255127,233400
2024-04-19,10.779999732971191,11.020000457763672,10.779999732971191,11.020000457763672,10.852910041809082,249100
2024-04-22,11.0,11.180000305175781,10.9399995803833,11.140000343322754,10.971090316772461,204100
2024-04-23,11.140000343322754,11.289999961853027,11.109999656677246,11.140000343322754,10.971090316772461,234200
2024-04-24,11.100000381469727,11.149999618530273,10.979999542236328,11.069999694824219,10.902151107788086,373900
2024-04-25,11.039999961853027,11.100000381469727,10.880000114440918,10.970000267028809,10.803668022155762,265700
2024-04-26,11.010000228881836,11.210000038146973,11.010000228881836,11.050000190734863,10.882454872131348,506600
2024-04-29,11.069999694824219,11.199999809265137,11.039999961853027,11.140000343322754,10.971090316772461,1339200
2024-04-30,11.100000381469727,11.180000305175781,10.850000381469727,10.850000381469727,10.685487747192383,713400
2024-05-01,10.869999885559082,11.029999732971191,10.75,10.859999656677246,10.695335388183594,486600
2024-05-02,11.0600004196167,11.100000381469727,10.720000267028809,10.75,10.587003707885742,762200
2024-05-03,10.859999656677246,11.25,10.859999656677246,11.109999656677246,10.941544532775879,885000
2024-05-06,11.199999809265137,11.350000381469727,11.199999809265137,11.239999771118164,11.069573402404785,809400
2024-05-07,11.289999961853027,11.470000267028809,11.1899995803833,11.289999961853027,11.118815422058105,631300
2024-05-08,11.199999809265137,11.390000343322754,11.140000343322754,11.300000190734863,11.128664016723633,987900
2024-05-09,11.34000015258789,11.369999885559082,11.210000038146973,11.300000190734863,11.128664016723633,471200
2024-05-10,11.3100004196167,11.510000228881836,11.079999923706055,11.079999923706055,10.911999702453613,351800
2024-05-13,11.0600004196167,11.130000114440918,10.829999923706055,11.079999923706055,11.079999923706055,665900
2024-05-14,11.100000381469727,11.100000381469727,10.729999542236328,10.75,10.75,364600
2024-05-15,10.789999961853027,10.899999618530273,10.65999984741211,10.869999885559082,10.869999885559082,455500
2024-05-16,10.890000343322754,10.9399995803833,10.779999732971191,10.880000114440918,10.880000114440918,498700
2024-05-17,10.859999656677246,10.890000343322754,10.050000190734863,10.319999694824219,10.319999694824219,1743200
2024-05-20,10.319999694824219,10.40999984741211,10.199999809265137,10.270000457763672,10.270000457763672,725100
2024-05-21,10.270000457763672,10.350000381469727,10.210000038146973,10.260000228881836,10.260000228881836,649600
2024-05-22,10.229999542236328,10.390000343322754,10.069999694824219,10.079999923706055,10.079999923706055,793400
2024-05-23,10.069999694824219,10.130000114440918,9.859999656677246,9.890000343322754,9.890000343322754,608600
2024-05-24,9.930000305175781,10.020000457763672,9.899999618530273,9.949999809265137,9.949999809265137,380600
2024-05-28,9.920000076293945,10.039999961853027,9.819999694824219,9.920000076293945,9.920000076293945,538200
2024-05-29,9.829999923706055,9.859999656677246,9.670000076293945,9.699999809265137,9.699999809265137,506800
2024-05-30,9.739999771118164,9.850000381469727,9.720000267028809,9.779999732971191,9.779999732971191,664700
2024-05-31,9.779999732971191,9.850000381469727,9.680000305175781,9.84000015258789,9.84000015258789,708200
2024-06-03,9.84000015258789,9.859999656677246,9.479999542236328,9.529999732971191,9.529999732971191,815300
2024-06-04,9.449999809265137,9.479999542236328,9.25,9.270000457763672,9.270000457763672,919100
2024-06-05,9.289999961853027,9.359999656677246,9.15999984741211,9.329999923706055,9.329999923706055,1274700
2024-06-06,9.350000381469727,9.380000114440918,9.220000267028809,9.229999542236328,9.229999542236328,534300
2024-06-07,9.180000305175781,9.279999732971191,8.979999542236328,9.010000228881836,9.010000228881836,702600
2024-06-10,9.010000228881836,9.239999771118164,8.989999771118164,9.210000038146973,9.210000038146973,669000
2024-06-11,9.180000305175781,9.229999542236328,9.100000381469727,9.119999885559082,9.119999885559082,442700
2024-06-12,9.220000267028809,9.3100004196167,9.0600004196167,9.09000015258789,9.09000015258789,578600
2024-06-13,9.09000015258789,9.149999618530273,8.979999542236328,9.130000114440918,9.130000114440918,992000
2024-06-14,9.039999961853027,9.100000381469727,8.960000038146973,9.050000190734863,9.050000190734863,1174800
2024-06-17,9.029999732971191,9.180000305175781,9.010000228881836,9.130000114440918,9.130000114440918,563800
2024-06-18,9.119999885559082,9.210000038146973,8.979999542236328,9.0,9.0,824600
2024-06-20,9.010000228881836,9.170000076293945,8.989999771118164,9.079999923706055,9.079999923706055,633200
2024-06-21,9.069999694824219,9.170000076293945,9.069999694824219,9.140000343322754,9.140000343322754,963700
2024-06-24,9.319999694824219,9.470000267028809,9.319999694824219,9.449999809265137,9.449999809265137,681800
2024-06-25,9.430000305175781,9.489999771118164,9.319999694824219,9.359999656677246,9.359999656677246,332500
2024-06-26,9.470000267028809,9.779999732971191,9.460000038146973,9.670000076293945,9.670000076293945,936500
2024-06-27,9.649999618530273,9.880000114440918,9.619999885559082,9.710000038146973,9.710000038146973,847200
2024-06-28,9.720000267028809,9.760000228881836,9.619999885559082,9.729999542236328,9.729999542236328,482100
2024-07-01,10.130000114440918,10.1899995803833,9.899999618530273,9.930000305175781,9.930000305175781,1114700
2024-07-02,9.9399995803833,9.949999809265137,9.779999732971191,9.84000015258789,9.84000015258789,849400
2024-07-03,9.869999885559082,9.949999809265137,9.84000015258789,9.869999885559082,9.869999885559082,266200
2024-07-05,9.869999885559082,9.890000343322754,9.760000228881836,9.8100004196167,9.8100004196167,501600
2024-07-08,9.800000190734863,9.829999923706055,9.729999542236328,9.779999732971191,9.779999732971191,456800
2024-07-09,9.720000267028809,9.949999809265137,9.710000038146973,9.800000190734863,9.800000190734863,522800
2024-07-10,9.859999656677246,10.010000228881836,9.84000015258789,9.899999618530273,9.899999618530273,781900
2024-07-11,9.949999809265137,10.010000228881836,9.829999923706055,9.930000305175781,9.930000305175781,1430400
2024-07-12,9.949999809265137,9.949999809265137,9.65999984741211,9.6899995803833,9.6899995803833,742000
2024-07-15,9.680000305175781,9.680000305175781,9.479999542236328,9.510000228881836,9.510000228881836,698900
2024-07-16,9.5,9.819999694824219,9.489999771118164,9.770000457763672,9.770000457763672,1160900
2024-07-17,9.75,9.8100004196167,9.619999885559082,9.6899995803833,9.6899995803833,646200
2024-07-18,9.65999984741211,9.6899995803833,9.420000076293945,9.470000267028809,9.470000267028809,648100
2024-07-19,9.5,9.5,9.369999885559082,9.380000114440918,9.380000114440918,359900
2024-07-22,9.430000305175781,9.609999656677246,9.430000305175781,9.550000190734863,9.550000190734863,556000
2024-07-23,9.510000228881836,9.5600004196167,9.40999984741211,9.430000305175781,9.430000305175781,294200
2024-07-24,9.40999984741211,9.449999809265137,9.239999771118164,9.3100004196167,9.3100004196167,398000
2024-07-25,9.329999923706055,9.449999809265137,9.239999771118164,9.40999984741211,9.40999984741211,470900
2024-07-26,9.4399995803833,9.4399995803833,9.239999771118164,9.420000076293945,9.420000076293945,774700
2024-07-29,9.420000076293945,9.489999771118164,9.399999618530273,9.470000267028809,9.470000267028809,811600
2024-07-30,9.470000267028809,9.550000190734863,9.380000114440918,9.489999771118164,9.489999771118164,1147300
2024-07-31,9.520000457763672,9.760000228881836,9.470000267028809,9.65999984741211,9.65999984741211,7917800
2024-08-01,9.65999984741211,9.699999809265137,9.329999923706055,9.380000114440918,9.380000114440918,1266200
2024-08-02,9.3100004196167,9.34000015258789,9.149999618530273,9.1899995803833,9.1899995803833,1089200
2024-08-05,9.0,9.050000190734863,8.720000267028809,9.039999961853027,9.039999961853027,960300
2024-08-06,9.050000190734863,9.119999885559082,9.029999732971191,9.050000190734863,9.050000190734863,451600
2024-08-07,9.100000381469727,9.1899995803833,9.050000190734863,9.180000305175781,9.180000305175781,610300
2024-08-08,9.199999809265137,9.520000457763672,9.1899995803833,9.5,9.5,379700
2024-08-09,9.5,10.3100004196167,9.479999542236328,10.3100004196167,10.3100004196167,2895900
2024-08-12,10.289999961853027,10.640000343322754,10.199999809265137,10.550000190734863,10.550000190734863,4300100
2024-08-13,10.649999618530273,11.899999618530273,10.550000190734863,11.569999694824219,11.569999694824219,5102800
2024-08-14,11.569999694824219,11.579999923706055,11.1899995803833,11.289999961853027,11.289999961853027,1765000
2024-08-15,11.40999984741211,11.720000267028809,11.3100004196167,11.5600004196167,11.5600004196167,864200
2024-08-16,11.5,11.619999885559082,11.369999885559082,11.399999618530273,11.399999618530273,1011500
2024-08-19,11.369999885559082,11.489999771118164,11.319999694824219,11.369999885559082,11.369999885559082,704300
2024-08-20,11.329999923706055,11.329999923706055,10.989999771118164,11.039999961853027,11.039999961853027,742000
2024-08-21,11.010000228881836,11.119999885559082,10.75,10.779999732971191,10.779999732971191,574600
2024-08-22,10.729999542236328,10.8100004196167,10.420000076293945,10.449999809265137,10.449999809265137,636000
2024-08-23,10.460000038146973,10.65999984741211,10.4399995803833,10.65999984741211,10.65999984741211,849300
2024-08-26,10.720000267028809,10.899999618530273,10.619999885559082,10.649999618530273,10.649999618530273,582600
2024-08-27,10.600000381469727,10.9399995803833,10.5600004196167,10.819999694824219,10.819999694824219,812300
2024-08-28,10.800000190734863,10.960000038146973,10.760000228881836,10.819999694824219,10.819999694824219,694800
2024-08-29,10.84000015258789,10.890000343322754,10.699999809265137,10.829999923706055,10.829999923706055,800100
2024-08-30,10.890000343322754,11.140000343322754,10.819999694824219,11.010000228881836,11.010000228881836,723500
2024-09-03,10.859999656677246,11.140000343322754,10.850000381469727,11.039999961853027,11.039999961853027,667400
2024-09-04,11.020000457763672,11.260000228881836,11.0,11.1899995803833,11.1899995803833,779000
2024-09-05,11.25,11.40999984741211,11.210000038146973,11.369999885559082,11.369999885559082,878100
2024-09-06,11.369999885559082,11.520000457763672,11.229999542236328,11.420000076293945,11.420000076293945,1295700
2024-09-09,11.260000228881836,11.369999885559082,10.880000114440918,11.210000038146973,11.210000038146973,1124600
2024-09-10,11.170000076293945,11.220000267028809,10.970000267028809,11.210000038146973,11.210000038146973,982600
2024-09-11,11.210000038146973,11.449999809265137,11.140000343322754,11.3100004196167,11.3100004196167,548800
2024-09-12,11.359999656677246,11.430000305175781,11.239999771118164,11.380000114440918,11.380000114440918,595200
2024-09-13,11.489999771118164,11.619999885559082,11.40999984741211,11.569999694824219,11.569999694824219,1015700
2024-09-16,11.539999961853027,11.649999618530273,11.510000228881836,11.550000190734863,11.550000190734863,886500
2024-09-17,11.0,11.199999809265137,10.920000076293945,11.1899995803833,11.1899995803833,1301900
2024-09-18,11.15999984741211,11.399999618530273,11.09000015258789,11.300000190734863,11.300000190734863,1037800
2024-09-19,11.369999885559082,11.670000076293945,11.350000381469727,11.640000343322754,11.640000343322754,1071200
2024-09-20,11.649999618530273,11.649999618530273,11.3100004196167,11.40999984741211,11.40999984741211,1306400
2024-09-23,11.380000114440918,11.59000015258789,11.319999694824219,11.510000228881836,11.510000228881836,492100
2024-09-24,11.6899995803833,11.729999542236328,11.5,11.579999923706055,11.579999923706055,712600
2024-09-25,11.630000114440918,11.630000114440918,11.239999771118164,11.399999618530273,11.399999618530273,1252900
2024-09-26,11.729999542236328,12.079999923706055,11.609999656677246,11.609999656677246,11.609999656677246,1111800
2024-09-27,11.619999885559082,11.720000267028809,11.319999694824219,11.369999885559082,11.369999885559082,511900
2024-09-30,11.329999923706055,11.359999656677246,11.039999961853027,11.069999694824219,11.069999694824219,613700
